
{"retL": 0.5515917145092522,    
"mtxL": [[1008.6022254534689, 0.0, 334.9069455128899], 
         [0.0, 898.6445756484428, 190.27854599116407], 
         [0.0, 0.0, 1.0]], 
"distL": [[0.11671785494125123, -0.6670236757374469, 0.0012888602831728226, -0.0003542919378702175, -1.688467745151424]],

"rvecsL": [[[-0.03427181939705865], [-0.28271209493408844], [-1.5880574155539315]], [[-0.09921392408102625], [0.07201225883617189], [-1.4352787741211352]], [[-0.055765986021767376], [0.05802941976435284], [-1.3758101404523069]], [[0.5706251113271384], [-0.6577361850344388], [-1.590586055540438]], [[-0.7985403265123706], [0.6957015629498635], [-1.497323501748604]], [[-0.9855791420495563], [0.16274142933477675], [-1.3562973425163298]], [[0.0647455327918334], [0.9181822670433909], [-1.61877290821682]], [[0.4626052550331492], [0.5625361234794464], [-1.4239558067525917]], [[0.3220722976547707], [0.4919847687463214], [-0.8820941287843534]], [[-0.07854158097819065], [0.2464874595795867], [-2.0315110957794835]], [[0.9112083120213894], [-0.8175483614131177], [-1.7055336072146816]], [[-0.2996237984221099], [0.2590683599774009], [-1.9158133330892169]], [[-0.03409480593134991], [0.6056050685615204], [-1.838108519563456]], [[-0.2842747690815824], [0.5312803165316973], [-2.2633182208974905]], [[0.3477387207422515], [-0.24039439923320516], [-1.887636798781505]], [[-0.770051282881772], [-0.17014326986106376], [-1.6356674414580143]], [[-0.36721231076018], [0.38322568520560685], [-1.7628471147998794]], [[-0.731669221788663], [0.5766166731511431], [-0.8858162200878558]], [[-0.20939426384971788], [-0.0683213910332894], [-1.661267119361833]], [[-0.4861680443689662], [0.07293725086693682], [-1.241074994177851]], [[-0.3688019379860619], [0.3469292471130012], [-1.6573851946487477]], [[0.5316970629246972], [0.7434364790112059], [1.062847833452716]], [[0.0036725694490404655], [-0.3633627001333068], [-1.5973112121163895]], [[-0.40812260855871146], [-0.12599339432692644], [-1.4289242204706654]], [[0.7155867812194872], [-0.9956375848617732], [-1.6908022150942348]], [[-0.906650185627525], [0.5864503186921968], [-1.6759504273035113]], [[-0.6697228905082989], [0.21155052848354491], [-1.7524812861340069]], [[-0.45844599388544166], [0.1961722935480795], [-1.8529198566870957]], [[-0.6042547427420225], [0.7996433933317134], [-2.367033202614527]], [[0.46140700641690696], [-0.86863868321092], [-1.5731339530941193]]], 

"tvecsL": [[[-7.0355017980510866], [2.7673968813704124], [28.595143552537387]], [[-7.027442108528438], [2.1052059377906005], [31.02759202339326]], [[-6.715400473610706], [1.5062555884202413], [31.51508228567458]], [[-6.10655499588846], [2.6808313470023517], [29.082178978021673]], [[-6.376558923676947], [2.636001661002184], [32.44045149539104]], [[-8.142353521717586], [2.1765681298271953], [30.942302136917625]], [[-6.161429692484881], [1.5754414747071448], [30.75208792443468]], [[-7.875548907198755], [2.401049133264249], [30.75230862088255]], [[-8.72144777220288], [0.11489082863887533], [30.19501625510724]], [[-6.084350376382613], [3.9553521177051603], [29.979129824697324]], [[-5.8560607979651875], [3.7342553015334192], [27.40686259386039]], [[-6.837609096542912], [3.510405820191167], [34.22888517313215]], [[-7.455903425376068], [3.6919824519183946], [34.663910342466835]], [[-5.902210343844702], [4.492917551840351], [33.9658565437471]], [[-5.286169464686442], [3.894694129772655], [27.981301862612643]], [[-7.476098730899447], [2.7746854776874885], [28.801119730359694]], [[-7.1153508345554615], [3.3637833438493345], [30.060006607050205]], [[-7.25016164006713], [0.5465141157488012], [33.13118068560881]], [[-7.277080445367975], [2.869711594780412], [27.602888889357313]], [[-9.310758932575585], [1.9195132595164446], [31.783141112808234]], [[-7.304189050986578], [1.635934052418297], [34.84443781717665]], [[-0.971367612026803], [-5.554261047469039], [28.399394510164093]], [[-6.993601588714475], [2.5352409305531287], [25.699621436565547]], [[-7.318383109203423], [1.4825329426222809], [27.76203140384108]], [[-4.330383649456608], [2.786090361873272], [25.03407408059855]], [[-7.546165209461645], [4.113196896650109], [30.52023451950508]], [[-7.914595014845803], [3.5977941178503796], [29.38456081214516]], [[-7.4235447226532605], [4.098812450600969], [28.07581170727559]], [[-3.1019054386525644], [3.323704785732462], [30.921442299214988]], [[-11.092799542948052], [5.580157578208673], [41.46170908771267]]]}