{"retR": 0.3903587267570793,
    
"mtxR": [[996.0523368464092, 0.0, 296.0202276553895], 
        [0.0, 887.1646835230667, 234.2817860295977], 
        [0.0, 0.0, 1.0]], 
        
"distR": [[0.2679105814699106, -5.1632822240518115, 0.00028993153158966286, -0.0013343583947135619, 38.72063343157897]], 

"rvecsR": [[[-0.0907942541006965], [-0.22412020155372284], [-1.5434744146735806]], [[-0.149417255597269], [0.14511285637962978], [-1.3924781688528158]], [[-0.09932702008554138], [0.13594416420861602], [-1.3344677299368943]], [[0.512058752990301], [-0.5792389010902271], [-1.5712336558926208]], [[-0.8760944279343668], [0.7422491713008321], [-1.430006911489205]], [[-1.0387563110106068], [0.20766737533422253], [-1.279651484089012]], [[-0.021090667691056324], [0.9802302667253912], [-1.5942585001816043]], [[0.39337040932599365], [0.6413241231333464], [-1.4108384330306938]], [[0.27988480940626814], [0.577968669380288], [-0.8596584790160084]], [[-0.16094032021659052], [0.3061911636204896], [-1.9899306359456113]], [[0.8444205049026136], [-0.7396023520726328], [-1.6995639667494458]], [[-0.3772579475444706], [0.3124910782812761], [-1.866531423097448]], [[-0.12226714195676372], [0.6652672861302649], [-1.8056536443410356]], [[-0.3849317642861645], [0.5724817708056988], [-2.2184892423078666]], [[0.27057998328693367], [-0.17459245436282889], [-1.859472146333473]], [[-0.8230269680124886], [-0.12306708015826913], [-1.5640461324067563]], [[-0.44092979450190284], [0.437743327413135], [-1.7122258817087421]], [[-0.7781199989681248], [0.6343739785476697], [-0.8200974584698678]], [[-0.2661559520061013], [-0.007919966025336843], [-1.612362163507846]], [[-0.5316599954557036], [0.13393175190896955], [-1.182359303555475]], [[-0.43764958085348876], [0.40532280938685816], [-1.6060424197383472]], [[0.5697660861998288], [0.8267270527646086], [1.0826884740901284]], [[-0.05267282170278444], [-0.29912960904653785], [-1.553235472096088]], [[-0.4573747421338735], [-0.0663615496285014], [-1.3714723389393273]], [[0.6554255015578766], [-0.9108493474616194], [-1.6747709872793857]], [[-0.979945125529486], [0.6225749516467974], [-1.6111635361782783]], [[-0.7368735599866701], [0.2558640933767409], [-1.6897817031223399]], [[-0.5150371724685563], [0.24247054553866426], [-1.7996716444103449]], [[-0.7157299259952783], [0.8224172990977853], [-2.3167486416986427]], [[0.40442582297821916], [-0.7877548924242446], [-1.548424755526209]]], 

"tvecsR": [[[-1.7093584441310279], [2.527145425319375], [29.082736884203168]], [[-1.481306089476602], [1.8725149324425507], [31.611493314041603]], [[-1.1106366288478542], [1.2827732148421365], [32.070773725882745]], [[-0.7470198775188629], [2.4742515826894222], [29.557214548537647]], [[-0.7232793761750852], [2.422098560965927], [32.90055534725472]], [[-2.5904762362156974], [1.8948188314084435], [31.597372196958847]], [[-0.618933267607898], [1.375487245083977], [31.194141378485078]], [[-2.353731937167317], [2.126342324176476], [31.348420522586558]], [[-3.1513845129291638], [-0.19201120426086749], [30.85012460334925]], [[-0.7029205162395529], [3.7430242436416825], [30.484948852110467]], [[-0.6856580185863451], [3.540241033130119], [27.89196580075828]], [[-1.0809012041032686], [3.2772429293776995], [34.798900571145424]], [[-1.636933711587443], [3.438435913209883], [35.25103916633353]], [[-0.20832622037616977], [4.2882419108710605], [34.43116163113193]], [[-0.07202565953635306], [3.730469808068414], [28.414731827225552]], [[-2.143293302123856], [2.522704266145345], [29.440700765449524]], [[-1.6987945089462768], [3.119152704901862], [30.63605417736909]], [[-1.4711345858607903], [0.29719210718056166], [33.71768356235464]], [[-2.0449479813201092], [2.6302617670681947], [28.185454778771206]], [[-3.6897590602133343], [1.5923922876127785], [32.55270200861025]], [[-1.4185503172230214], [1.3833395547833462], [35.436148523018204]], [[4.624892721794353], [-5.538839019303616], [28.422570465313747]], [[-1.909034610079659], [2.3063627364364025], [26.215230155711946]], [[-2.025807398071172], [1.2384652942071421], [28.336489748521405]], [[0.6667523602302614], [2.667819686382571], [25.41893766853292]], [[-2.1258535414871798], [3.863400440536106], [31.172363171536826]], [[-2.5566987126274543], [3.3229149037601453], [30.052921322737784]], [[-2.0760803076780623], [3.8499535220318974], [28.55901850101811]], [[2.3755707038844083], [3.2412836194173082], [31.12930071025168]], [[-4.796255421369983], [5.179900709792564], [42.46314119733127]]]}