

{"R": [[0.995702584823469, -0.03861867838281342, 0.0841722059579483], 
    [0.038863515031323556, 0.9992437191787178, -0.0012715664724153156], 
    [-0.08405944191625672, 0.004537329814825209, 0.9964504116426862]], 
"T": [[3.030534399130521], [0.09090451358713485], [0.4351343460913271]], 

"E": [[-0.024552232879768772, -0.43439279857089597, 0.09113514222956477], 
      [0.6880094234475342, -0.030554847449045103, -2.9831510317123517], 
      [0.027263360022721783, 3.03175307625999, -0.01150515937559909]], 
      
"F": [[-2.0508761834987922e-07, -4.087179520983765e-06, 0.0016092933111103772], 
     [6.487165762693326e-06, -3.245139556355433e-07, -0.030359854410657985], 
     [-0.001225701186926945, 0.029941198000198534, 0.9999999999999999]]}